item,qty,spec,supplier,unit_cost_usd,make_buy,notes
1 Bench deck and extrusion frame,1,"20 x 20 mm aluminium extrusion frame, 900 x 450 mm, 12 mm HDPE deck with drip lip; sits on an existing lab table",Extrusion supplier and plastics stockist,45.00,make,Indicative price
2 Instrument back panel,1,"3 mm aluminium composite panel, 900 x 570 mm, printed schematic of the energy chain",Sign maker,15.00,make,Indicative price
"3 Canopy hood, duct and posts",1,"3 mm polycarbonate canopy 900 x 345 mm on two 20 x 20 mm posts, 100 mm duct collar at the high point",Plastics stockist,35.00,make,Indicative price; hydrogen rises into the hood where item 15 senses and extracts it
4 Bench DC power supply,1,"Linear or switch-mode lab supply, 0 to 30 V, 0 to 10 A, constant-current mode, current limit set by the teacher",Electronics distributor,65.00,buy,"Indicative price; optional if the school already has one (proposed, awaiting Amish)"
5 DI water reservoir and deionizer,1,"500 mL HDPE reservoir, mixed-bed resin cartridge with color change, inline conductivity check to 1 uS/cm or less",Aquarium or lab supplier,20.00,buy,Indicative price
6 PEM electrolyzer stack,1,"4-cell PEM stack, about 7.8 V and 9 A (about 70 W), about 250 mL/min H2 at 20 C, H2 side rated to 300 kPa gauge or more, titanium plates",Electrolyzer supplier,150.00,buy,Estimate for a generic stack; pressure rating must be confirmed; branded 300 mL/min single-cell stacks list near $1400
7 Gas and water separator and drier,1,"Polypropylene separator column with water return to the reservoir, 50 g silica gel drier with indicator",Lab supplier,15.00,buy,Indicative price
8 Check valve and flame arrestor,1,"Stainless check valve, 7 kPa cracking; inline sintered flame arrestor rated for hydrogen",Gas equipment supplier,25.00,buy,Indicative price
9 Hydrogen buffer tank with guard,1,"2 L aluminium or stainless vessel, working pressure 1 MPa or more, on a cradle inside a steel rod guard",Gas equipment supplier,55.00,buy,Estimate; plastic vessels excluded (permeation and burst risk)
10 Tank manifold,1,"0 to 600 kPa absolute pressure transducer (0.25 % FS), 10 kOhm thermistor, relief valve set to 350 kPa gauge, 0 to 600 kPa gauge, manual vent valve",Gas equipment and electronics distributors,45.00,buy,Indicative price; relief and vent outlets piped to the hood
11 Regulator and solenoid valve,1,"Low-pressure regulator 0 to 100 kPa out (set near 50 kPa for the fuel cell), 12 V normally closed solenoid valve on the tank outlet",Gas equipment supplier,40.00,buy,Indicative price; solenoid is closed by item 15 on alarm
12 PEM fuel cell,1,"Open-cathode air-cooled PEM stack, 12 W class, 13 cells, about 7.8 V at 1.5 A, H2 supply 45 to 55 kPa gauge, integral fan and purge valve",Fuel cell supplier,250.00,buy,Estimate for a generic stack; Horizon H-12 lists at $482 to $576; purity requirement to be checked
13 Electronic load and lamp,1,"Adjustable constant-current load 0 to 3 A with a 5 W LED lamp for a visible demonstration",Electronics distributor,15.00,buy,Indicative price
14 Meters logger and display,1,"ESP32 board, three INA226 power monitors with shunts, ADC for pressure and temperature, 3.5 in display, CSV logging at 1 Hz",Electronics distributor,30.00,buy,Indicative price
15 H2Guard sensor controller and fan,1,"H2Guard project: hydrogen sensor at the hood high point, spark-free extraction fan, relay interlock to item 4 output and item 11 solenoid",H2Guard project,0.00,make,NOT INCLUDED in the H2Bench total; costed in the H2Guard BOM (H2Guard budget about $180)
16 Tubing fittings vent lines and wiring,1,"PTFE or polyamide tubing 6 mm, push-in or compression fittings, vent line to outdoors, fuses, 1.5 mm2 wire",Gas and electronics distributors,30.00,buy,Indicative price; not modelled
17 Hardware and labels,1,"Fasteners, cable ties, hazard and flow-direction labels",Hardware store,10.00,buy,Indicative price; not modelled
